Timestamp,What is your name?,Timestamp,Enter your name(s)? Please place a comma between each name if more than one name,What is your email? (Enter only one email),What is your current level of coding expertise?,"Do you already have a team and are looking for additional persons? If yes, how many people are already on your team (including yourself)? *",What is your preferred coding language?,What type of hackathon project would you like to work on?  
2021/01/06 1:26:04 PM EST,Test 1,test2@ufl,Advanced,I am currently not in a team,PHP,UX Design,,
,Test 2,test2@ufl,Intermediate,2,Javascript,OSX Computer App,,
,Test 3,test3@ufl,Advanced,2,Python,AXL/AI,,
,Test 4,test4@ufl,Advanced,2,R,Sponsor Challenge,,
,Test 5,test5@ufl,Advanced,I am currently not in a team,Javascript,Sponsor Challenge,,
,Test 6,test6@ufl,Advanced,2,Python,AXL/AI,,
,Test 7,test7@ufl,Advanced,I am currently not in a team,Javascript,Sponsor Challenge,,
,Test 8,test8@ufl,Intermediate,I am currently not in a team,Swift,OSX Computer App,,
,Test 9,test9@ufl,Intermediate,3,PHP,Web App,,
,Test 10,test10@ufl,Intermediate,2,Python,Sponsor Challenge,,
,Test 11,test11@ufl,Intermediate,I am currently not in a team,Java,OSX Computer App,,
,Test 12,test12@ufl,Advanced,I am currently not in a team,Python,PC Computer APP,,
,Test 13,test13@ufl,Intermediate,3,C/C++,UX Design,,
,Test 14,test14@ufl,Intermediate,3,PHP,Hardware,,
,Test 15,test15@ufl,Intermediate,2,Javascript,AXL/AI,,
,Test 16,test16@ufl,Beginner,2,PHP,Web App,,
,Test 17,test17@ufl,Advanced,2,Java,iOS Mobile App,,
,Test 18,test18@ufl,Advanced,3,Java,Sponsor Challenge,,
,Test 19,test19@ufl,Beginner,3,C/C++,Hardware,,
,Test 20,test20@ufl,Beginner,3,C/C++,Andriod Mobile App,,
,Test 21,test21@ufl,Advanced,3,PHP,UX Design,,
,Test 22,test22@ufl,Intermediate,I am currently not in a team,PHP,Hardware,,
,Test 23,test23@ufl,Advanced,3,R,Web App,,
,Test 24,test24@ufl,Intermediate,2,Swift,iOS Mobile App,,
,Test 25,test25@ufl,Intermediate,2,C/C++,AXL/AI,,
,Test 26,test26@ufl,Intermediate,2,C/C++,iOS Mobile App,,
,Test 27,test27@ufl,Intermediate,I am currently not in a team,R,Web App,,
,Test 28,test28@ufl,Intermediate,I am currently not in a team,Java,Hardware,,
,Test 29,test29@ufl,Beginner,3,C#,Sponsor Challenge,,
,Test 30,test30@ufl,Advanced,2,C/C++,PC Computer APP,,
,Test 31,test31@ufl,Beginner,3,Swift,Andriod Mobile App,,
,Test 32,test32@ufl,Beginner,3,Javascript,Sponsor Challenge,,
,Test 33,test33@ufl,Advanced,3,C/C++,AXL/AI,,
,Test 34,test34@ufl,Intermediate,I am currently not in a team,C#,Sponsor Challenge,,
,Test 35,test35@ufl,Advanced,I am currently not in a team,C#,Sponsor Challenge,,
,Test 36,test36@ufl,Intermediate,2,C/C++,Hardware,,
,Test 37,test37@ufl,Intermediate,3,C/C++,Hardware,,
,Test 38,test38@ufl,Intermediate,I am currently not in a team,Swift,PC Computer APP,,
,Test 39,test39@ufl,Beginner,2,C/C++,UX Design,,
,Test 40,test40@ufl,Advanced,I am currently not in a team,C#,Web App,,
,Test 41,test41@ufl,Intermediate,I am currently not in a team,Swift,AXL/AI,,
,Test 42,test42@ufl,Intermediate,2,Python,Andriod Mobile App,,
,Test 43,test43@ufl,Beginner,2,C/C++,AXL/AI,,
,Test 44,test44@ufl,Intermediate,I am currently not in a team,Python,UX Design,,
,Test 45,test45@ufl,Advanced,3,Swift,AXL/AI,,
,Test 46,test46@ufl,Advanced,2,Java,OSX Computer App,,
,Test 47,test47@ufl,Intermediate,I am currently not in a team,Javascript,AXL/AI,,
,Test 48,test48@ufl,Intermediate,2,Java,Andriod Mobile App,,
,Test 49,test49@ufl,Intermediate,3,Javascript,Web App,,
,Test 50,test50@ufl,Intermediate,I am currently not in a team,C#,Sponsor Challenge,,
,Test 51,test51@ufl,Intermediate,2,C/C++,UX Design,,
,Test 52,test52@ufl,Intermediate,3,C/C++,Hardware,,
,Test 53,test53@ufl,Beginner,2,Swift,PC Computer APP,,
,Test 54,test54@ufl,Beginner,I am currently not in a team,C#,PC Computer APP,,
,Test 55,test55@ufl,Intermediate,3,Javascript,iOS Mobile App,,
,Test 56,test56@ufl,Intermediate,I am currently not in a team,PHP,OSX Computer App,,
,Test 57,test57@ufl,Advanced,I am currently not in a team,Python,Web App,,
,Test 58,test58@ufl,Intermediate,I am currently not in a team,C#,UX Design,,
,Test 59,test59@ufl,Beginner,I am currently not in a team,PHP,AXL/AI,,
,Test 60,test60@ufl,Beginner,I am currently not in a team,C#,Web App,,
,Test 61,test61@ufl,Advanced,2,PHP,iOS Mobile App,,
,Test 62,test62@ufl,Advanced,2,PHP,iOS Mobile App,,
,Test 63,test63@ufl,Intermediate,I am currently not in a team,C/C++,AXL/AI,,
,Test 64,test64@ufl,Intermediate,3,Java,Sponsor Challenge,,
,Test 65,test65@ufl,Advanced,3,Swift,Sponsor Challenge,,
,Test 66,test66@ufl,Intermediate,2,Swift,OSX Computer App,,
,Test 67,test67@ufl,Beginner,3,Java,UX Design,,
,Test 68,test68@ufl,Advanced,I am currently not in a team,Java,Andriod Mobile App,,
,Test 69,test69@ufl,Beginner,2,R,UX Design,,
,Test 70,test70@ufl,Intermediate,3,Python,Hardware,,
,Test 71,test71@ufl,Intermediate,3,Java,Andriod Mobile App,,
,Test 72,test72@ufl,Beginner,2,Java,AXL/AI,,
,Test 73,test73@ufl,Beginner,I am currently not in a team,Swift,PC Computer APP,,
,Test 74,test74@ufl,Beginner,2,Python,iOS Mobile App,,
,Test 75,test75@ufl,Intermediate,2,Java,AXL/AI,,
,Test 76,test76@ufl,Intermediate,I am currently not in a team,C#,AXL/AI,,
,Test 77,test77@ufl,Beginner,3,Swift,Sponsor Challenge,,
,Test 78,test78@ufl,Intermediate,I am currently not in a team,C#,Hardware,,
,Test 79,test79@ufl,Intermediate,3,C/C++,OSX Computer App,,
,Test 80,test80@ufl,Advanced,I am currently not in a team,C#,Andriod Mobile App,,
,Test 81,test81@ufl,Advanced,I am currently not in a team,PHP,AXL/AI,,
,Test 82,test82@ufl,Advanced,2,C#,Sponsor Challenge,,
,Test 83,test83@ufl,Intermediate,3,C/C++,UX Design,,
,Test 84,test84@ufl,Beginner,2,Javascript,Andriod Mobile App,,
,Test 85,test85@ufl,Beginner,I am currently not in a team,Python,AXL/AI,,
,Test 86,test86@ufl,Intermediate,2,C#,PC Computer APP,,
,Test 87,test87@ufl,Intermediate,I am currently not in a team,Javascript,UX Design,,
,Test 88,test88@ufl,Intermediate,I am currently not in a team,C#,PC Computer APP,,
,Test 89,test89@ufl,Intermediate,I am currently not in a team,C#,Sponsor Challenge,,
,Test 90,test90@ufl,Beginner,3,PHP,iOS Mobile App,,
,Test 91,test91@ufl,Intermediate,I am currently not in a team,C/C++,Web App,,
,Test 92,test92@ufl,Intermediate,2,C/C++,AXL/AI,,
,Test 93,test93@ufl,Beginner,3,C/C++,AXL/AI,,
,Test 94,test94@ufl,Beginner,3,Javascript,OSX Computer App,,
,Test 95,test95@ufl,Advanced,2,C#,PC Computer APP,,
,Test 96,test96@ufl,Beginner,2,PHP,Andriod Mobile App,,
,Test 97,test97@ufl,Beginner,3,R,PC Computer APP,,
,Test 98,test98@ufl,Beginner,I am currently not in a team,C/C++,Hardware,,
,Test 99,test99@ufl,Intermediate,2,Python,AXL/AI,,
,Test 100,test100@ufl,Beginner,I am currently not in a team,Python,Hardware,,
,Test 101,test101@ufl,Advanced,3,Swift,Web App,,
,Test 102,test102@ufl,Beginner,3,C/C++,Hardware,,
,Test 103,test103@ufl,Advanced,I am currently not in a team,C/C++,Web App,,
,Test 104,test104@ufl,Intermediate,3,R,AXL/AI,,
,Test 105,test105@ufl,Advanced,3,Python,UX Design,,
,Test 106,test106@ufl,Intermediate,3,R,Hardware,,
,Test 107,test107@ufl,Intermediate,3,Swift,Hardware,,
,Test 108,test108@ufl,Advanced,3,Javascript,PC Computer APP,,
,Test 109,test109@ufl,Intermediate,2,Javascript,Web App,,
,Test 110,test110@ufl,Beginner,I am currently not in a team,R,Hardware,,
,Test 111,test111@ufl,Beginner,I am currently not in a team,R,iOS Mobile App,,
,Test 112,test112@ufl,Beginner,3,C#,UX Design,,
,Test 113,test113@ufl,Advanced,2,Swift,AXL/AI,,
,Test 114,test114@ufl,Intermediate,2,Javascript,PC Computer APP,,
,Test 115,test115@ufl,Intermediate,I am currently not in a team,Javascript,Andriod Mobile App,,
,Test 116,test116@ufl,Intermediate,2,C#,iOS Mobile App,,
,Test 117,test117@ufl,Intermediate,I am currently not in a team,PHP,UX Design,,
,Test 118,test118@ufl,Beginner,I am currently not in a team,C#,Sponsor Challenge,,
,Test 119,test119@ufl,Intermediate,2,R,Andriod Mobile App,,
,Test 120,test120@ufl,Advanced,2,Swift,Web App,,
,Test 121,test121@ufl,Intermediate,3,C/C++,AXL/AI,,
,Test 122,test122@ufl,Advanced,2,Java,AXL/AI,,
,Test 123,test123@ufl,Intermediate,2,C#,UX Design,,
,Test 124,test124@ufl,Beginner,2,C#,PC Computer APP,,
,Test 125,test125@ufl,Beginner,3,C#,AXL/AI,,
,Test 126,test126@ufl,Beginner,3,Swift,AXL/AI,,
,Test 127,test127@ufl,Advanced,3,C/C++,Web App,,
,Test 128,test128@ufl,Advanced,2,Python,AXL/AI,,
,Test 129,test129@ufl,Beginner,3,C/C++,AXL/AI,,
,Test 130,test130@ufl,Beginner,2,PHP,Web App,,
,Test 131,test131@ufl,Advanced,2,Python,AXL/AI,,
,Test 132,test132@ufl,Advanced,3,C/C++,iOS Mobile App,,
,Test 133,test133@ufl,Advanced,I am currently not in a team,Javascript,AXL/AI,,
,Test 134,test134@ufl,Beginner,I am currently not in a team,R,Sponsor Challenge,,
,Test 135,test135@ufl,Advanced,I am currently not in a team,C#,Web App,,
,Test 136,test136@ufl,Beginner,3,R,UX Design,,
,Test 137,test137@ufl,Beginner,I am currently not in a team,Python,PC Computer APP,,
,Test 138,test138@ufl,Beginner,3,Swift,OSX Computer App,,
,Test 139,test139@ufl,Intermediate,2,R,Web App,,
,Test 140,test140@ufl,Advanced,2,R,Web App,,
,Test 141,test141@ufl,Intermediate,3,Java,OSX Computer App,,
,Test 142,test142@ufl,Advanced,2,PHP,AXL/AI,,
,Test 143,test143@ufl,Advanced,3,Javascript,UX Design,,
,Test 144,test144@ufl,Intermediate,I am currently not in a team,C/C++,AXL/AI,,
,Test 145,test145@ufl,Advanced,3,PHP,Web App,,
,Test 146,test146@ufl,Intermediate,3,C/C++,Hardware,,
,Test 147,test147@ufl,Advanced,I am currently not in a team,Swift,Andriod Mobile App,,
,Test 148,test148@ufl,Beginner,2,C#,Andriod Mobile App,,
,Test 149,test149@ufl,Advanced,2,Python,Web App,,
,Test 150,test150@ufl,Advanced,3,Java,Andriod Mobile App,,
,Test 151,test151@ufl,Beginner,2,R,OSX Computer App,,
,Test 152,test152@ufl,Beginner,3,Swift,Hardware,,
,Test 153,test153@ufl,Beginner,2,PHP,Andriod Mobile App,,
,Test 154,test154@ufl,Advanced,3,C/C++,iOS Mobile App,,
,Test 155,test155@ufl,Advanced,2,Javascript,AXL/AI,,
,Test 156,test156@ufl,Beginner,2,Python,Andriod Mobile App,,
,Test 157,test157@ufl,Beginner,I am currently not in a team,Java,iOS Mobile App,,
,Test 158,test158@ufl,Advanced,3,R,Sponsor Challenge,,
,Test 159,test159@ufl,Advanced,3,R,UX Design,,
,Test 160,test160@ufl,Advanced,2,Javascript,OSX Computer App,,
,Test 161,test161@ufl,Beginner,3,Javascript,OSX Computer App,,
,Test 162,test162@ufl,Intermediate,I am currently not in a team,R,Sponsor Challenge,,
,Test 163,test163@ufl,Beginner,I am currently not in a team,Python,OSX Computer App,,
,Test 164,test164@ufl,Advanced,2,Swift,Sponsor Challenge,,
,Test 165,test165@ufl,Intermediate,3,R,Hardware,,
,Test 166,test166@ufl,Intermediate,I am currently not in a team,R,PC Computer APP,,
,Test 167,test167@ufl,Advanced,3,Python,UX Design,,
,Test 168,test168@ufl,Intermediate,I am currently not in a team,PHP,Hardware,,
,Test 169,test169@ufl,Advanced,3,R,PC Computer APP,,
,Test 170,test170@ufl,Intermediate,2,Swift,OSX Computer App,,
,Test 171,test171@ufl,Advanced,2,Javascript,Andriod Mobile App,,
,Test 172,test172@ufl,Beginner,3,C#,OSX Computer App,,
,Test 173,test173@ufl,Intermediate,I am currently not in a team,Java,iOS Mobile App,,
,Test 174,test174@ufl,Intermediate,3,Javascript,iOS Mobile App,,
,Test 175,test175@ufl,Beginner,3,C/C++,iOS Mobile App,,
,Test 176,test176@ufl,Beginner,3,Java,Sponsor Challenge,,
,Test 177,test177@ufl,Advanced,3,C/C++,Hardware,,
,Test 178,test178@ufl,Beginner,2,Javascript,Andriod Mobile App,,
,Test 179,test179@ufl,Beginner,2,C/C++,Sponsor Challenge,,
,Test 180,test180@ufl,Beginner,I am currently not in a team,PHP,iOS Mobile App,,
,Test 181,test181@ufl,Beginner,3,C/C++,iOS Mobile App,,
,Test 182,test182@ufl,Intermediate,2,Java,Andriod Mobile App,,
,Test 183,test183@ufl,Beginner,2,Swift,Hardware,,
,Test 184,test184@ufl,Intermediate,3,Python,Sponsor Challenge,,
,Test 185,test185@ufl,Advanced,2,Swift,Sponsor Challenge,,
,Test 186,test186@ufl,Beginner,2,R,OSX Computer App,,
,Test 187,test187@ufl,Beginner,I am currently not in a team,Python,OSX Computer App,,
,Test 188,test188@ufl,Beginner,I am currently not in a team,Python,iOS Mobile App,,
,Test 189,test189@ufl,Beginner,3,C#,PC Computer APP,,
,Test 190,test190@ufl,Beginner,2,C/C++,PC Computer APP,,
,Test 191,test191@ufl,Beginner,I am currently not in a team,PHP,OSX Computer App,,
,Test 192,test192@ufl,Intermediate,3,Java,iOS Mobile App,,
,Test 193,test193@ufl,Intermediate,I am currently not in a team,Python,Web App,,
,Test 194,test194@ufl,Intermediate,3,Java,AXL/AI,,
,Test 195,test195@ufl,Intermediate,I am currently not in a team,Python,OSX Computer App,,
,Test 196,test196@ufl,Beginner,I am currently not in a team,Java,Sponsor Challenge,,
,Test 197,test197@ufl,Beginner,3,Java,Hardware,,
,Test 198,test198@ufl,Beginner,I am currently not in a team,Swift,Sponsor Challenge,,
,Test 199,test199@ufl,Advanced,I am currently not in a team,PHP,iOS Mobile App,,
,Test 200,test199@ufl,Intermediate,3,Javascript,PC Computer APP,,
,Test 201,test199@ufl,Intermediate,I am currently not in a team,Javascript,iOS Mobile App,,
,Test 202,test199@ufl,Advanced,I am currently not in a team,Swift,Andriod Mobile App,,
