Timestamp,What is your name?,What is your email address?,What is your class standing?,Have you participated in a hackathon before?,What is your current level of coding expertise?,"Do you already have a team and are looking for additional persons? If yes, how many people are already on your team? *",What is your preferred coding language?,"What type of hackathon project would you like to work on? (ex. mobile application, web application, etc.) ",,,,,,,,,,
2021/01/06 1:26:04 PM EST,Test 1,test2@ufl,Senior,No,Beginner,1,Java,web,,,,,,,,,,Freshmen
,Test 2,test2@ufl,Freshmen,Yes,Intermediate,3,Java,web,,,,,,,,,,Junior
,Test 3,test3@ufl,Junior,Yes,Intermediate,2,Python,web,,,,,,,,,,Sophomore
,Test 4,test4@ufl,Sophomore,No,Beginner,2,Python,web,,,,,,,,,,Senior
,Test 5,test5@ufl,Junior,Yes,Intermediate,3,Python,web,,,,,,,,,,
,Test 6,test6@ufl,Sophomore,Yes,Intermediate,1,Java,web,,,,,,,,,,
,Test 7,test7@ufl,Senior,Yes,Intermediate,1,Python,web,,,,,,,,,,Beginner
,Test 8,test8@ufl,Sophomore,Yes,Intermediate,2,Java,web,,,,,,,,,,Intermediate
,Test 9,test9@ufl,Senior,Yes,Advanced,3,Java,web,,,,,,,,,,Advanced
,Test 10,test10@ufl,Senior,Yes,Beginner,3,C/C++,web,,,,,,,,,,
,Test 11,test11@ufl,Sophomore,No,Beginner,2,C/C++,web,,,,,,,,,,
,Test 12,test12@ufl,Junior,Yes,Intermediate,1,C/C++,web,,,,,,,,,,No
,Test 13,test13@ufl,Sophomore,Yes,Advanced,3,C/C++,web,,,,,,,,,,Yes
,Test 14,test14@ufl,Freshmen,No,Advanced,1,Java,web,,,,,,,,,,
,Test 15,test15@ufl,Sophomore,Yes,Beginner,2,Java,web,,,,,,,,,,
,Test 16,test16@ufl,Senior,Yes,Beginner,3,Java,web,,,,,,,,,,C/C++
,Test 17,test17@ufl,Junior,Yes,Beginner,3,Python,web,,,,,,,,,,Java
,Test 18,test18@ufl,Senior,Yes,Intermediate,1,Java,web,,,,,,,,,,Python
,Test 19,test19@ufl,Sophomore,Yes,Beginner,1,Java,web,,,,,,,,,,
,Test 20,test20@ufl,Freshmen,Yes,Beginner,1,Java,web,,,,,,,,,,
,Test 21,test21@ufl,Junior,No,Advanced,3,Java,web,,,,,,,,,,
,Test 22,test22@ufl,Sophomore,Yes,Intermediate,2,Python,web,,,,,,,,,,
,Test 23,test23@ufl,Freshmen,No,Intermediate,1,Java,web,,,,,,,,,,
,Test 24,test24@ufl,Freshmen,Yes,Advanced,3,Python,web,,,,,,,,,,
,Test 25,test25@ufl,Sophomore,Yes,Intermediate,2,Java,web,,,,,,,,,,
,Test 26,test26@ufl,Freshmen,Yes,Beginner,2,C/C++,web,,,,,,,,,,
,Test 27,test27@ufl,Freshmen,Yes,Advanced,1,Java,web,,,,,,,,,,
,Test 28,test28@ufl,Sophomore,Yes,Advanced,2,Python,web,,,,,,,,,,
,Test 29,test29@ufl,Freshmen,Yes,Beginner,2,Python,web,,,,,,,,,,
,Test 30,test30@ufl,Freshmen,No,Intermediate,2,Python,web,,,,,,,,,,
,Test 31,test31@ufl,Senior,Yes,Beginner,3,C/C++,web,,,,,,,,,,
,Test 32,test32@ufl,Junior,No,Intermediate,3,C/C++,web,,,,,,,,,,
,Test 33,test33@ufl,Senior,No,Advanced,2,Python,web,,,,,,,,,,
,Test 34,test34@ufl,Senior,Yes,Advanced,2,Java,web,,,,,,,,,,
,Test 35,test35@ufl,Freshmen,No,Advanced,1,Python,web,,,,,,,,,,
,Test 36,test36@ufl,Sophomore,Yes,Beginner,2,C/C++,web,,,,,,,,,,
,Test 37,test37@ufl,Freshmen,Yes,Intermediate,1,Python,web,,,,,,,,,,
,Test 38,test38@ufl,Senior,Yes,Advanced,2,C/C++,web,,,,,,,,,,
,Test 39,test39@ufl,Junior,No,Beginner,1,C/C++,web,,,,,,,,,,
,Test 40,test40@ufl,Junior,Yes,Advanced,1,Java,web,,,,,,,,,,
,Test 41,test41@ufl,Senior,No,Intermediate,1,C/C++,web,,,,,,,,,,
,Test 42,test42@ufl,Sophomore,Yes,Intermediate,1,C/C++,web,,,,,,,,,,
,Test 43,test43@ufl,Freshmen,No,Advanced,2,Java,web,,,,,,,,,,
,Test 44,test44@ufl,Senior,No,Beginner,3,C/C++,web,,,,,,,,,,
,Test 45,test45@ufl,Sophomore,No,Advanced,1,C/C++,web,,,,,,,,,,
,Test 46,test46@ufl,Freshmen,Yes,Beginner,1,Python,web,,,,,,,,,,
,Test 47,test47@ufl,Junior,No,Beginner,2,Java,web,,,,,,,,,,
,Test 48,test48@ufl,Sophomore,Yes,Advanced,1,C/C++,web,,,,,,,,,,
,Test 49,test49@ufl,Freshmen,No,Advanced,3,Java,web,,,,,,,,,,
,Test 50,test50@ufl,Freshmen,No,Beginner,3,C/C++,web,,,,,,,,,,
,Test 51,test51@ufl,Junior,Yes,Advanced,1,C/C++,web,,,,,,,,,,
,Test 52,test52@ufl,Senior,No,Beginner,3,Python,web,,,,,,,,,,
,Test 53,test53@ufl,Freshmen,No,Intermediate,1,C/C++,web,,,,,,,,,,
,Test 54,test54@ufl,Senior,No,Advanced,3,Java,web,,,,,,,,,,
,Test 55,test55@ufl,Senior,No,Beginner,3,C/C++,web,,,,,,,,,,
,Test 56,test56@ufl,Senior,Yes,Intermediate,3,C/C++,web,,,,,,,,,,
,Test 57,test57@ufl,Freshmen,No,Beginner,2,Java,web,,,,,,,,,,
,Test 58,test58@ufl,Senior,No,Advanced,3,Java,web,,,,,,,,,,
,Test 59,test59@ufl,Senior,No,Intermediate,3,C/C++,web,,,,,,,,,,
,Test 60,test60@ufl,Sophomore,No,Advanced,2,Python,web,,,,,,,,,,
,Test 61,test61@ufl,Freshmen,No,Advanced,2,Python,web,,,,,,,,,,
,Test 62,test62@ufl,Junior,Yes,Beginner,3,Python,web,,,,,,,,,,
,Test 63,test63@ufl,Senior,No,Intermediate,3,Python,web,,,,,,,,,,
,Test 64,test64@ufl,Freshmen,No,Intermediate,3,Java,web,,,,,,,,,,
,Test 65,test65@ufl,Freshmen,Yes,Advanced,1,Java,web,,,,,,,,,,
,Test 66,test66@ufl,Freshmen,No,Intermediate,2,C/C++,web,,,,,,,,,,
,Test 67,test67@ufl,Freshmen,Yes,Intermediate,1,C/C++,web,,,,,,,,,,
,Test 68,test68@ufl,Sophomore,Yes,Advanced,2,Python,web,,,,,,,,,,
,Test 69,test69@ufl,Senior,No,Advanced,3,Python,web,,,,,,,,,,
,Test 70,test70@ufl,Sophomore,No,Advanced,2,Java,web,,,,,,,,,,
,Test 71,test71@ufl,Sophomore,No,Intermediate,3,Java,web,,,,,,,,,,
,Test 72,test72@ufl,Sophomore,Yes,Beginner,3,Python,web,,,,,,,,,,
,Test 73,test73@ufl,Senior,No,Intermediate,2,Java,web,,,,,,,,,,
,Test 74,test74@ufl,Sophomore,No,Advanced,2,Java,web,,,,,,,,,,
,Test 75,test75@ufl,Freshmen,Yes,Beginner,1,Python,web,,,,,,,,,,
,Test 76,test76@ufl,Sophomore,Yes,Advanced,3,Python,web,,,,,,,,,,
,Test 77,test77@ufl,Freshmen,Yes,Intermediate,3,C/C++,web,,,,,,,,,,
,Test 78,test78@ufl,Senior,Yes,Intermediate,1,C/C++,web,,,,,,,,,,
,Test 79,test79@ufl,Junior,Yes,Intermediate,3,Python,web,,,,,,,,,,
,Test 80,test80@ufl,Senior,No,Beginner,1,Java,web,,,,,,,,,,
,Test 81,test81@ufl,Freshmen,No,Beginner,2,Python,web,,,,,,,,,,
,Test 82,test82@ufl,Senior,Yes,Beginner,3,Python,web,,,,,,,,,,
,Test 83,test83@ufl,Junior,No,Intermediate,1,Python,web,,,,,,,,,,
,Test 84,test84@ufl,Freshmen,Yes,Intermediate,2,Java,web,,,,,,,,,,
,Test 85,test85@ufl,Freshmen,Yes,Beginner,1,C/C++,web,,,,,,,,,,
,Test 86,test86@ufl,Senior,No,Intermediate,2,C/C++,web,,,,,,,,,,
,Test 87,test87@ufl,Senior,Yes,Beginner,3,Python,web,,,,,,,,,,
,Test 88,test88@ufl,Senior,Yes,Intermediate,1,C/C++,web,,,,,,,,,,
,Test 89,test89@ufl,Senior,No,Beginner,2,Python,web,,,,,,,,,,
,Test 90,test90@ufl,Junior,Yes,Intermediate,1,Python,web,,,,,,,,,,
,Test 91,test91@ufl,Sophomore,No,Intermediate,3,C/C++,web,,,,,,,,,,
,Test 92,test92@ufl,Senior,No,Intermediate,2,Python,web,,,,,,,,,,
,Test 93,test93@ufl,Senior,Yes,Advanced,2,C/C++,web,,,,,,,,,,
,Test 94,test94@ufl,Sophomore,Yes,Intermediate,3,Python,web,,,,,,,,,,
,Test 95,test95@ufl,Junior,Yes,Intermediate,1,Java,web,,,,,,,,,,
,Test 96,test96@ufl,Junior,Yes,Intermediate,3,C/C++,web,,,,,,,,,,
,Test 97,test97@ufl,Junior,No,Intermediate,2,Python,web,,,,,,,,,,
,Test 98,test98@ufl,Senior,No,Intermediate,1,Python,web,,,,,,,,,,
,Test 99,test99@ufl,Senior,Yes,Beginner,1,Python,web,,,,,,,,,,
,Test 100,test100@ufl,Sophomore,Yes,Intermediate,2,Python,web,,,,,,,,,,
,Test 101,test101@ufl,Junior,Yes,Beginner,1,Java,web,,,,,,,,,,
,Test 102,test102@ufl,Freshmen,No,Intermediate,1,Java,web,,,,,,,,,,
,Test 103,test103@ufl,Freshmen,No,Beginner,1,Java,web,,,,,,,,,,
,Test 104,test104@ufl,Sophomore,Yes,Advanced,3,Python,web,,,,,,,,,,
,Test 105,test105@ufl,Sophomore,No,Intermediate,2,Java,web,,,,,,,,,,
,Test 106,test106@ufl,Junior,Yes,Beginner,3,C/C++,web,,,,,,,,,,
,Test 107,test107@ufl,Sophomore,No,Advanced,3,Java,web,,,,,,,,,,
,Test 108,test108@ufl,Sophomore,Yes,Beginner,3,C/C++,web,,,,,,,,,,
,Test 109,test109@ufl,Freshmen,Yes,Beginner,2,Python,web,,,,,,,,,,
,Test 110,test110@ufl,Senior,Yes,Beginner,1,Java,web,,,,,,,,,,
,Test 111,test111@ufl,Sophomore,No,Beginner,3,C/C++,web,,,,,,,,,,
,Test 112,test112@ufl,Senior,Yes,Beginner,3,Python,web,,,,,,,,,,
,Test 113,test113@ufl,Sophomore,Yes,Advanced,3,Python,web,,,,,,,,,,
,Test 114,test114@ufl,Sophomore,No,Beginner,2,Python,web,,,,,,,,,,
,Test 115,test115@ufl,Senior,No,Intermediate,2,Java,web,,,,,,,,,,
,Test 116,test116@ufl,Sophomore,No,Advanced,1,Python,web,,,,,,,,,,
,Test 117,test117@ufl,Sophomore,Yes,Intermediate,1,Java,web,,,,,,,,,,
,Test 118,test118@ufl,Sophomore,No,Advanced,3,C/C++,web,,,,,,,,,,
,Test 119,test119@ufl,Freshmen,Yes,Intermediate,3,Python,web,,,,,,,,,,
,Test 120,test120@ufl,Junior,No,Advanced,3,Java,web,,,,,,,,,,
,Test 121,test121@ufl,Freshmen,No,Advanced,3,C/C++,web,,,,,,,,,,
,Test 122,test122@ufl,Senior,No,Advanced,1,C/C++,web,,,,,,,,,,
,Test 123,test123@ufl,Freshmen,No,Intermediate,1,C/C++,web,,,,,,,,,,
,Test 124,test124@ufl,Sophomore,Yes,Intermediate,1,Python,web,,,,,,,,,,
,Test 125,test125@ufl,Senior,Yes,Beginner,1,Java,web,,,,,,,,,,
,Test 126,test126@ufl,Freshmen,Yes,Intermediate,1,Python,web,,,,,,,,,,
,Test 127,test127@ufl,Sophomore,Yes,Intermediate,3,C/C++,web,,,,,,,,,,
,Test 128,test128@ufl,Senior,No,Intermediate,3,Java,web,,,,,,,,,,
,Test 129,test129@ufl,Freshmen,No,Beginner,3,Python,web,,,,,,,,,,
,Test 130,test130@ufl,Senior,No,Beginner,2,Python,web,,,,,,,,,,
,Test 131,test131@ufl,Senior,No,Intermediate,1,Java,web,,,,,,,,,,
,Test 132,test132@ufl,Sophomore,No,Beginner,1,Java,web,,,,,,,,,,
,Test 133,test133@ufl,Junior,No,Intermediate,3,Java,web,,,,,,,,,,
,Test 134,test134@ufl,Sophomore,Yes,Advanced,1,Python,web,,,,,,,,,,
,Test 135,test135@ufl,Senior,Yes,Advanced,3,C/C++,web,,,,,,,,,,
,Test 136,test136@ufl,Sophomore,No,Beginner,2,Java,web,,,,,,,,,,
,Test 137,test137@ufl,Junior,Yes,Advanced,2,Python,web,,,,,,,,,,
,Test 138,test138@ufl,Senior,Yes,Beginner,3,Python,web,,,,,,,,,,
,Test 139,test139@ufl,Senior,Yes,Intermediate,1,C/C++,web,,,,,,,,,,
,Test 140,test140@ufl,Sophomore,No,Beginner,2,Python,web,,,,,,,,,,
,Test 141,test141@ufl,Freshmen,Yes,Beginner,3,Python,web,,,,,,,,,,
,Test 142,test142@ufl,Sophomore,Yes,Beginner,1,Python,web,,,,,,,,,,
,Test 143,test143@ufl,Sophomore,No,Beginner,2,C/C++,web,,,,,,,,,,
,Test 144,test144@ufl,Junior,No,Beginner,1,C/C++,web,,,,,,,,,,
,Test 145,test145@ufl,Senior,No,Intermediate,1,Java,web,,,,,,,,,,
,Test 146,test146@ufl,Senior,Yes,Advanced,1,C/C++,web,,,,,,,,,,
,Test 147,test147@ufl,Freshmen,Yes,Intermediate,3,Java,web,,,,,,,,,,
,Test 148,test148@ufl,Senior,Yes,Advanced,1,C/C++,web,,,,,,,,,,
,Test 149,test149@ufl,Junior,No,Beginner,3,Python,web,,,,,,,,,,
,Test 150,test150@ufl,Sophomore,No,Advanced,2,Python,web,,,,,,,,,,
,Test 151,test151@ufl,Senior,No,Intermediate,3,Python,web,,,,,,,,,,
,Test 152,test152@ufl,Junior,No,Advanced,2,Python,web,,,,,,,,,,
,Test 153,test153@ufl,Freshmen,Yes,Beginner,2,Java,web,,,,,,,,,,
,Test 154,test154@ufl,Freshmen,Yes,Beginner,1,Python,web,,,,,,,,,,
,Test 155,test155@ufl,Junior,Yes,Intermediate,3,C/C++,web,,,,,,,,,,
,Test 156,test156@ufl,Junior,No,Intermediate,3,Java,web,,,,,,,,,,
,Test 157,test157@ufl,Senior,Yes,Beginner,2,C/C++,web,,,,,,,,,,
,Test 158,test158@ufl,Sophomore,No,Advanced,2,Java,web,,,,,,,,,,
,Test 159,test159@ufl,Junior,Yes,Advanced,3,Java,web,,,,,,,,,,
,Test 160,test160@ufl,Junior,No,Intermediate,2,Java,web,,,,,,,,,,
,Test 161,test161@ufl,Senior,No,Advanced,2,Python,web,,,,,,,,,,
,Test 162,test162@ufl,Sophomore,Yes,Advanced,3,Python,web,,,,,,,,,,
,Test 163,test163@ufl,Junior,No,Beginner,1,C/C++,web,,,,,,,,,,
,Test 164,test164@ufl,Junior,Yes,Intermediate,3,Python,web,,,,,,,,,,
,Test 165,test165@ufl,Junior,No,Intermediate,3,Python,web,,,,,,,,,,
,Test 166,test166@ufl,Freshmen,Yes,Advanced,2,C/C++,web,,,,,,,,,,
,Test 167,test167@ufl,Senior,No,Advanced,1,C/C++,web,,,,,,,,,,
,Test 168,test168@ufl,Junior,Yes,Advanced,3,Python,web,,,,,,,,,,
,Test 169,test169@ufl,Senior,Yes,Intermediate,2,C/C++,web,,,,,,,,,,
,Test 170,test170@ufl,Junior,No,Beginner,2,Python,web,,,,,,,,,,
,Test 171,test171@ufl,Sophomore,Yes,Intermediate,1,Java,web,,,,,,,,,,
,Test 172,test172@ufl,Freshmen,Yes,Intermediate,3,C/C++,web,,,,,,,,,,
,Test 173,test173@ufl,Junior,Yes,Beginner,1,Python,web,,,,,,,,,,
,Test 174,test174@ufl,Senior,Yes,Advanced,1,Python,web,,,,,,,,,,
,Test 175,test175@ufl,Senior,No,Beginner,1,Python,web,,,,,,,,,,
,Test 176,test176@ufl,Freshmen,Yes,Intermediate,1,C/C++,web,,,,,,,,,,
,Test 177,test177@ufl,Junior,Yes,Beginner,2,Java,web,,,,,,,,,,
,Test 178,test178@ufl,Freshmen,No,Intermediate,3,Python,web,,,,,,,,,,
,Test 179,test179@ufl,Senior,No,Intermediate,1,Java,web,,,,,,,,,,
,Test 180,test180@ufl,Sophomore,Yes,Intermediate,1,C/C++,web,,,,,,,,,,
,Test 181,test181@ufl,Senior,No,Advanced,1,C/C++,web,,,,,,,,,,
,Test 182,test182@ufl,Sophomore,No,Intermediate,1,C/C++,web,,,,,,,,,,
,Test 183,test183@ufl,Junior,Yes,Advanced,1,Java,web,,,,,,,,,,
,Test 184,test184@ufl,Freshmen,No,Intermediate,3,Java,web,,,,,,,,,,
,Test 185,test185@ufl,Senior,No,Advanced,1,Python,web,,,,,,,,,,
,Test 186,test186@ufl,Senior,Yes,Intermediate,2,Java,web,,,,,,,,,,
,Test 187,test187@ufl,Sophomore,Yes,Advanced,1,Python,web,,,,,,,,,,
,Test 188,test188@ufl,Sophomore,Yes,Beginner,1,Python,web,,,,,,,,,,
,Test 189,test189@ufl,Freshmen,Yes,Beginner,2,Python,web,,,,,,,,,,
,Test 190,test190@ufl,Junior,Yes,Intermediate,3,Java,web,,,,,,,,,,
,Test 191,test191@ufl,Sophomore,No,Intermediate,1,Python,web,,,,,,,,,,
,Test 192,test192@ufl,Junior,Yes,Intermediate,2,Java,web,,,,,,,,,,
,Test 193,test193@ufl,Junior,No,Advanced,1,Python,web,,,,,,,,,,
,Test 194,test194@ufl,Sophomore,Yes,Beginner,2,Python,web,,,,,,,,,,
,Test 195,test195@ufl,Freshmen,Yes,Advanced,3,Java,web,,,,,,,,,,
,Test 196,test196@ufl,Junior,No,Advanced,1,Java,web,,,,,,,,,,
,Test 197,test197@ufl,Sophomore,No,Advanced,3,Java,web,,,,,,,,,,
,Test 198,test198@ufl,Junior,No,Intermediate,1,C/C++,web,,,,,,,,,,
,Test 199,test199@ufl,Sophomore,No,Advanced,3,C/C++,web,,,,,,,,,,
,Test 200,test199@ufl,Freshmen,Yes,Intermediate,2,Python,web,,,,,,,,,,
,Test 201,test199@ufl,Senior,No,Advanced,1,Python,web,,,,,,,,,,
,Test 202,test199@ufl,Junior,No,Advanced,1,Java,web,,,,,,,,,,
